static_mae,ml_mae,static_rmse,ml_rmse,static_r2,ml_r2
100.27005203097912,11.217385659614619,105.3339526638235,14.7401995782551,-4.276097844000223,0.8966803787227509
